{
  "train_loss": [
    1.5351926076204279,
    1.0187474251833073,
    0.8825428997014844,
    0.7935470852047898,
    0.7155222243867642,
    0.6270704967684524,
    0.5953992999830219,
    0.5288553616508495,
    0.5016431399989266,
    0.4705496901472987,
    0.4392495074114481,
    0.4256369067182721,
    0.4075511238905926,
    0.37953564622114566,
    0.3687488975566487,
    0.28810721485290763,
    0.2622246150750407,
    0.25118761517237437
  ],
  "train_acc": [
    50.872568623886565,
    64.80639883657517,
    69.04199236502454,
    72.10507180512634,
    75.06816942374114,
    78.18578440283585,
    79.21287038720233,
    81.74877295037265,
    82.60316306126158,
    83.33030358116706,
    84.84820941646973,
    85.19360116342483,
    86.02072350481731,
    87.06598800218143,
    87.46591528812944,
    90.15633521177968,
    90.91983275768042,
    91.31976004362843
  ],
  "val_loss": [
    0.7186747213515142,
    0.7224278889951252,
    0.6167495619683039,
    0.5100748158486871,
    0.42603348990780343,
    0.42392932424124974,
    0.44430917360088124,
    0.3890345442123362,
    0.5717784847348801,
    0.4220500316675628,
    0.35014174928911806,
    0.4977061910555373,
    0.43084476046159803,
    0.3518587571215795,
    0.5146322657951498,
    0.4193891795022345,
    0.38498934772266985,
    0.370947483729348
  ],
  "val_acc": [
    75.7100149476831,
    79.6711509715994,
    83.85650224215247,
    81.91330343796712,
    87.14499252615845,
    86.02391629297459,
    88.19133034379671,
    91.70403587443946,
    87.89237668161435,
    91.25560538116592,
    91.85351270553065,
    90.20926756352765,
    92.52615844544096,
    93.64723467862481,
    90.50822122571002,
    93.72197309417041,
    93.64723467862481,
    94.84304932735427
  ],
  "lr": [
    0.001,
    0.001,
    0.001,
    0.001,
    0.001,
    0.001,
    0.001,
    0.001,
    0.001,
    0.001,
    0.001,
    0.001,
    0.001,
    0.001,
    0.001,
    0.0005,
    0.0005,
    0.0005
  ]
}